perc.inv.lt.25;perc.inv.26.50;perc.inv.51.75;perc.inv.gt.75;perc.reg.lt.25;perc.reg.26.50;perc.reg.51.75;perc.reg.75;env.little;env.some;env.very;info.little;info.some;info.very;paris.little;paris.some;paris.very;imp.little;imp.some;imp.very;safe.little;safe.some;safe.very;max.lt.1;max.1_2;max.2_2.5;max.gt.2.5;y.ipo;y.real
0;0;1;0;0;1;0;0;1;0;0;1;0;0;1;0;0;1;0;0;0;1;0;0;0;0;1;0;0
1;0;0;0;0;0;0;0;0;0;1;0;0;0;0;0;0;0;0;0;0;1;0;0;0;1;0;0;1
0;1;0;0;0;1;0;0;0;0;1;0;0;1;0;1;0;0;0;1;0;1;0;0;0;1;0;1;1
0;0;0;0;1;0;0;0;1;0;0;0;1;0;0;0;0;0;0;1;0;0;1;0;0;0;1;1;0
1;0;0;0;0;1;0;0;1;0;0;1;0;0;1;0;0;0;1;0;0;0;1;0;0;1;0;1;0
0;0;0;0;0;0;0;0;0;0;0;0;0;0;0;0;0;0;0;0;0;0;0;0;0;0;0;0;0
1;0;0;0;0;1;0;0;1;0;0;1;0;0;1;0;0;0;0;0;1;0;0;1;0;0;0;1;0
1;0;0;0;0;1;0;0;1;0;0;1;0;0;1;0;0;1;0;0;0;0;0;0;0;0;0;0;0
1;0;0;0;0;0;1;0;0;1;0;1;0;0;0;0;0;0;0;1;0;1;0;1;0;0;0;1;0
0;0;0;0;1;0;0;0;1;0;0;0;0;0;0;0;0;0;0;0;1;0;0;0;0;0;1;1;0
1;0;0;0;0;1;0;0;0;1;0;1;0;0;1;0;0;1;0;0;1;0;0;0;0;0;0;0;0
1;0;0;0;1;0;0;0;1;0;0;1;0;0;0;0;0;1;0;0;0;1;0;0;0;0;0;0;0
1;0;0;0;1;0;0;0;1;0;0;0;0;0;0;0;0;1;0;0;1;0;0;1;0;0;0;1;0
0;1;0;0;1;0;0;0;0;1;0;1;0;0;1;0;0;0;0;0;0;0;0;0;0;0;0;0;0
0;0;0;0;1;0;0;0;1;0;0;1;0;0;1;0;0;0;1;0;0;1;0;1;0;0;0;1;0
1;0;0;0;1;0;0;0;1;0;0;1;0;0;0;0;0;1;0;0;0;1;0;0;0;0;0;0;0
1;0;0;0;0;1;0;0;1;0;0;1;0;0;1;0;0;0;0;0;1;0;0;1;0;0;0;1;0
1;0;0;0;1;0;0;0;1;0;0;0;0;0;0;0;0;1;0;0;1;0;0;1;0;0;0;1;0
1;0;0;0;0;1;0;0;0;1;0;1;0;0;1;0;0;1;0;0;1;0;0;0;0;0;0;0;0
1;0;0;0;0;0;0;0;0;0;1;0;0;0;0;0;0;0;0;0;0;1;0;0;0;1;0;0;1
0;0;0;0;1;0;0;0;1;0;0;1;0;0;1;0;0;0;1;0;0;1;0;1;0;0;0;1;0
1;0;0;0;1;0;0;0;1;0;0;1;0;0;0;0;0;1;0;0;0;1;0;0;0;0;0;0;0
1;0;0;0;1;0;0;0;1;0;0;1;0;0;0;0;0;1;0;0;0;1;0;0;0;0;0;0;0
1;0;0;0;0;0;0;0;0;0;1;0;0;0;0;0;0;0;0;0;0;1;0;0;0;1;0;0;1
1;0;0;0;0;1;0;0;1;0;0;1;0;0;1;0;0;0;0;0;1;0;0;1;0;0;0;1;0
0;0;0;0;0;0;0;0;0;0;0;0;0;0;0;0;0;0;0;0;0;0;0;0;0;0;0;0;0
0;1;0;0;1;0;0;0;0;1;0;1;0;0;1;0;0;0;0;0;0;0;0;0;0;0;0;0;0
0;0;0;0;1;0;0;0;1;0;0;0;0;0;0;0;0;0;0;0;1;0;0;0;0;0;1;1;0
1;0;0;0;1;0;0;0;1;0;0;0;0;0;0;0;0;1;0;0;1;0;0;1;0;0;0;1;0
1;0;0;0;0;1;0;0;1;0;0;1;0;0;1;0;0;0;0;0;1;0;0;1;0;0;0;1;0
0;0;0;0;1;0;0;0;1;0;0;0;1;0;0;0;0;0;0;1;0;0;1;0;0;0;1;1;0
1;0;0;0;0;0;1;0;0;1;0;1;0;0;0;0;0;0;0;1;0;1;0;1;0;0;0;1;0
0;0;1;0;0;1;0;0;1;0;0;1;0;0;1;0;0;1;0;0;0;1;0;0;0;0;1;0;0
1;0;0;0;1;0;0;0;1;0;0;0;0;0;0;0;0;1;0;0;1;0;0;1;0;0;0;1;0
0;0;0;0;1;0;0;0;1;0;0;0;0;0;0;0;0;0;0;0;1;0;0;0;0;0;1;1;0
1;0;0;0;1;0;0;0;1;0;0;1;0;0;0;0;0;1;0;0;0;1;0;0;0;0;0;0;0
0;0;0;0;0;0;0;0;0;0;0;0;0;0;0;0;0;0;0;0;0;0;0;0;0;0;0;0;0
0;0;0;0;1;0;0;0;1;0;0;1;0;0;1;0;0;0;1;0;0;1;0;1;0;0;0;1;0
0;1;0;0;1;0;0;0;0;1;0;1;0;0;1;0;0;0;0;0;0;0;0;0;0;0;0;0;0
1;0;0;0;1;0;0;0;1;0;0;1;0;0;0;0;0;1;0;0;0;1;0;0;0;0;0;0;0
0;1;0;0;0;1;0;0;0;0;1;0;0;1;0;1;0;0;0;1;0;1;0;0;0;1;0;1;1
1;0;0;0;0;1;0;0;1;0;0;1;0;0;1;0;0;1;0;0;0;0;0;0;0;0;0;0;0
0;0;1;0;0;1;0;0;1;0;0;1;0;0;1;0;0;1;0;0;0;1;0;0;0;0;1;0;0
0;1;0;0;0;1;0;0;0;0;1;0;0;1;0;1;0;0;0;1;0;1;0;0;0;1;0;1;1
1;0;0;0;0;1;0;0;0;1;0;1;0;0;1;0;0;1;0;0;1;0;0;0;0;0;0;0;0
1;0;0;0;1;0;0;0;1;0;0;1;0;0;0;0;0;1;0;0;0;1;0;0;0;0;0;0;0
0;0;0;0;1;0;0;0;1;0;0;1;0;0;1;0;0;0;1;0;0;1;0;1;0;0;0;1;0
1;0;0;0;0;1;0;0;1;0;0;1;0;0;1;0;0;0;1;0;0;0;1;0;0;1;0;1;0
0;0;0;0;0;0;0;0;0;0;0;0;0;0;0;0;0;0;0;0;0;0;0;0;0;0;0;0;0
1;0;0;0;0;1;0;0;1;0;0;1;0;0;1;0;0;1;0;0;0;0;0;0;0;0;0;0;0
0;1;0;0;0;1;0;0;0;0;1;0;0;1;0;1;0;0;0;1;0;1;0;0;0;1;0;1;1
1;0;0;0;0;0;0;0;0;0;1;0;0;0;0;0;0;0;0;0;0;1;0;0;0;1;0;0;1
1;0;0;0;0;1;0;0;1;0;0;1;0;0;1;0;0;1;0;0;0;0;0;0;0;0;0;0;0
0;0;0;0;1;0;0;0;1;0;0;0;1;0;0;0;0;0;0;1;0;0;1;0;0;0;1;1;0
1;0;0;0;0;1;0;0;0;1;0;1;0;0;1;0;0;1;0;0;1;0;0;0;0;0;0;0;0
1;0;0;0;0;1;0;0;1;0;0;1;0;0;1;0;0;0;0;0;1;0;0;1;0;0;0;1;0
1;0;0;0;1;0;0;0;1;0;0;0;0;0;0;0;0;1;0;0;1;0;0;1;0;0;0;1;0
1;0;0;0;0;1;0;0;0;1;0;1;0;0;1;0;0;1;0;0;1;0;0;0;0;0;0;0;0
1;0;0;0;0;1;0;0;1;0;0;1;0;0;1;0;0;0;1;0;0;0;1;0;0;1;0;1;0
1;0;0;0;1;0;0;0;1;0;0;0;0;0;0;0;0;1;0;0;1;0;0;1;0;0;0;1;0
1;0;0;0;1;0;0;0;1;0;0;0;0;0;0;0;0;1;0;0;1;0;0;1;0;0;0;1;0
0;0;0;0;0;0;0;0;0;0;0;0;0;0;0;0;0;0;0;0;0;0;0;0;0;0;0;0;0
1;0;0;0;0;1;0;0;1;0;0;1;0;0;1;0;0;0;1;0;0;0;1;0;0;1;0;1;0
1;0;0;0;0;1;0;0;0;1;0;1;0;0;1;0;0;1;0;0;1;0;0;0;0;0;0;0;0
0;1;0;0;0;1;0;0;0;0;1;0;0;1;0;1;0;0;0;1;0;1;0;0;0;1;0;1;1
0;1;0;0;0;1;0;0;0;0;1;0;0;1;0;1;0;0;0;1;0;1;0;0;0;1;0;1;1
0;0;1;0;0;1;0;0;1;0;0;1;0;0;1;0;0;1;0;0;0;1;0;0;0;0;1;0;0
1;0;0;0;1;0;0;0;1;0;0;1;0;0;0;0;0;1;0;0;0;1;0;0;0;0;0;0;0
0;0;0;0;1;0;0;0;1;0;0;0;0;0;0;0;0;0;0;0;1;0;0;0;0;0;1;1;0
1;0;0;0;0;1;0;0;0;1;0;1;0;0;1;0;0;1;0;0;1;0;0;0;0;0;0;0;0
1;0;0;0;1;0;0;0;1;0;0;1;0;0;0;0;0;1;0;0;0;1;0;0;0;0;0;0;0
1;0;0;0;0;1;0;0;1;0;0;1;0;0;1;0;0;0;0;0;1;0;0;1;0;0;0;1;0
1;0;0;0;0;0;1;0;0;1;0;1;0;0;0;0;0;0;0;1;0;1;0;1;0;0;0;1;0
0;1;0;0;0;1;0;0;0;0;1;0;0;1;0;1;0;0;0;1;0;1;0;0;0;1;0;1;1
1;0;0;0;0;0;0;0;0;0;1;0;0;0;0;0;0;0;0;0;0;1;0;0;0;1;0;0;1
1;0;0;0;0;1;0;0;0;1;0;1;0;0;1;0;0;1;0;0;1;0;0;0;0;0;0;0;0
1;0;0;0;0;1;0;0;1;0;0;1;0;0;1;0;0;1;0;0;0;0;0;0;0;0;0;0;0
1;0;0;0;0;0;1;0;0;1;0;1;0;0;0;0;0;0;0;1;0;1;0;1;0;0;0;1;0
1;0;0;0;1;0;0;0;1;0;0;1;0;0;0;0;0;1;0;0;0;1;0;0;0;0;0;0;0
0;0;0;0;1;0;0;0;1;0;0;0;0;0;0;0;0;0;0;0;1;0;0;0;0;0;1;1;0
1;0;0;0;0;0;1;0;0;1;0;1;0;0;0;0;0;0;0;1;0;1;0;1;0;0;0;1;0
1;0;0;0;0;0;1;0;0;1;0;1;0;0;0;0;0;0;0;1;0;1;0;1;0;0;0;1;0
1;0;0;0;0;1;0;0;1;0;0;1;0;0;1;0;0;0;1;0;0;0;1;0;0;1;0;1;0
0;0;1;0;0;1;0;0;1;0;0;1;0;0;1;0;0;1;0;0;0;1;0;0;0;0;1;0;0
1;0;0;0;0;1;0;0;1;0;0;1;0;0;1;0;0;0;0;0;1;0;0;1;0;0;0;1;0
0;0;0;0;1;0;0;0;1;0;0;0;1;0;0;0;0;0;0;1;0;0;1;0;0;0;1;1;0
1;0;0;0;0;1;0;0;1;0;0;1;0;0;1;0;0;0;0;0;1;0;0;1;0;0;0;1;0
1;0;0;0;1;0;0;0;1;0;0;0;0;0;0;0;0;1;0;0;1;0;0;1;0;0;0;1;0
0;0;0;0;1;0;0;0;1;0;0;0;1;0;0;0;0;0;0;1;0;0;1;0;0;0;1;1;0
0;0;1;0;0;1;0;0;1;0;0;1;0;0;1;0;0;1;0;0;0;1;0;0;0;0;1;0;0
1;0;0;0;0;1;0;0;1;0;0;1;0;0;1;0;0;0;1;0;0;0;1;0;0;1;0;1;0
1;0;0;0;0;1;0;0;1;0;0;1;0;0;1;0;0;0;1;0;0;0;1;0;0;1;0;1;0
0;0;0;0;1;0;0;0;1;0;0;0;0;0;0;0;0;0;0;0;1;0;0;0;0;0;1;1;0
1;0;0;0;0;0;1;0;0;1;0;1;0;0;0;0;0;0;0;1;0;1;0;1;0;0;0;1;0
1;0;0;0;1;0;0;0;1;0;0;1;0;0;0;0;0;1;0;0;0;1;0;0;0;0;0;0;0
0;0;0;0;1;0;0;0;1;0;0;0;0;0;0;0;0;0;0;0;1;0;0;0;0;0;1;1;0
1;0;0;0;0;1;0;0;1;0;0;1;0;0;1;0;0;0;0;0;1;0;0;1;0;0;0;1;0
